ch1,ch2,ch3,ch4,train_loss,train_acc,test_loss,test_acc,lr,nparams
3,3,3,3,"[4.615568812688192, 4.606639656653771, 4.6061679888994265, 4.605902905341907, 4.605864408688667]","[0.964, 1.022, 0.996, 1.03, 1.034]","[4.60522715049454, 4.60567928869513, 4.6061999103691, 4.606779460665546, 4.607009441037722]","[0.89, 0.89, 0.95, 0.96, 0.88]","[0.005000000000000036, 0.0050000000000007296, 0.005000000000000548, 0.004999999999999491, 0.005000000000000185]",24736
