ch1,ch2,ch3,ch4,train_loss,train_acc,test_loss,test_acc,lr
3,3,3,3,"[4.401025253572444, 4.049150119204002, 3.942186514451814, 3.878344860920774, 3.845105575854336]","[3.546666666666667, 8.3, 10.666666666666666, 11.57, 12.336666666666666]","[4.192133563630124, 4.068011750566199, 3.8852199785252837, 3.893894335056873, 3.7943936041060913]","[5.416666666666667, 8.6, 10.6, 11.466666666666667, 12.666666666666666]","[0.003275997400965334, 0.0004865025990345062, 0.0004865025990349375, 0.0032759974009661935, 0.005000000000003618]"
