ch1,ch2,ch3,ch4,train_loss,train_acc,test_loss,test_acc,lr,nparams
3,3,3,3,"[4.416865926815757, 4.173055445461639, 4.007833453892136, 3.902296496098484, 3.862362528914836]","[2.9433333333333334, 6.636666666666667, 9.663333333333334, 11.356666666666667, 12.04]","[4.266732914650694, 4.142027905646791, 4.003650288632575, 3.871459149299784, 3.836019794991676]","[5.716666666666667, 7.883333333333334, 10.233333333333333, 11.966666666666667, 13.016666666666667]","[0.003275997400965334, 0.0004865025990345062, 0.0004865025990349375, 0.0032759974009661935, 0.005000000000003618]",24736
3,3,3,6,"[4.4235298145554465, 4.179819659129389, 3.9592085199823766, 3.8346111494849233, 3.7569835602855886]","[2.89, 6.716666666666667, 10.56, 12.67, 14.063333333333333]","[4.208485054208877, 4.051232784352404, 3.910339175386632, 3.8419447452464004, 3.766158882607805]","[5.616666666666666, 8.983333333333333, 11.3, 12.966666666666667, 14.316666666666666]","[0.003275997400965334, 0.0004865025990345062, 0.0004865025990349375, 0.0032759974009661935, 0.005000000000003618]",49120
3,3,3,9,"[4.388267768725657, 4.023087572695604, 3.8547629763576774, 3.77700339299021, 3.729126928711751]","[3.816666666666667, 9.416666666666666, 12.596666666666666, 13.67, 14.826666666666666]","[4.102820340623247, 3.8917512754176524, 3.8331271498761277, 3.8399138526713594, 3.734379786126157]","[8.216666666666667, 11.7, 12.983333333333333, 13.933333333333334, 15.0]","[0.003275997400965334, 0.0004865025990345062, 0.0004865025990349375, 0.0032759974009661935, 0.005000000000003618]",73504
